"time","_geo","geo","value","ANSWER","_ANSWER","sex","_sex"
2010,"EU28","European Union (28 countries)",0.8,"Don't know","PCT_DK","Total","T"
2010,"EU28","European Union (28 countries)",89.3,"No","PCT_NO","Total","T"
2010,"EU28","European Union (28 countries)",1.5,"Refusal","PCT_REFUSE","Total","T"
2010,"EU28","European Union (28 countries)",8.5,"Yes","PCT_YES","Total","T"
2015,"EU28","European Union (28 countries)",0.8,"Don't know","PCT_DK","Total","T"
2015,"EU28","European Union (28 countries)",89.4,"No","PCT_NO","Total","T"
2015,"EU28","European Union (28 countries)",0.1,"Refusal","PCT_REFUSE","Total","T"
2015,"EU28","European Union (28 countries)",9.7,"Yes","PCT_YES","Total","T"
2010,"EU28","European Union (28 countries)",0.8,"Don't know","PCT_DK","Men","M"
2010,"EU28","European Union (28 countries)",89.3,"No","PCT_NO","Men","M"
2010,"EU28","European Union (28 countries)",1.2,"Refusal","PCT_REFUSE","Men","M"
2010,"EU28","European Union (28 countries)",8.7,"Yes","PCT_YES","Men","M"
2015,"EU28","European Union (28 countries)",0.8,"Don't know","PCT_DK","Men","M"
2015,"EU28","European Union (28 countries)",89.6,"No","PCT_NO","Men","M"
2015,"EU28","European Union (28 countries)",0.1,"Refusal","PCT_REFUSE","Men","M"
2015,"EU28","European Union (28 countries)",9.5,"Yes","PCT_YES","Men","M"
2010,"EU28","European Union (28 countries)",0.9,"Don't know","PCT_DK","Women","W"
2010,"EU28","European Union (28 countries)",89.3,"No","PCT_NO","Women","W"
2010,"EU28","European Union (28 countries)",1.7,"Refusal","PCT_REFUSE","Women","W"
2010,"EU28","European Union (28 countries)",8.1,"Yes","PCT_YES","Women","W"
2015,"EU28","European Union (28 countries)",0.7,"Don't know","PCT_DK","Women","W"
2015,"EU28","European Union (28 countries)",89.2,"No","PCT_NO","Women","W"
2015,"EU28","European Union (28 countries)",0.1,"Refusal","PCT_REFUSE","Women","W"
2015,"EU28","European Union (28 countries)",10,"Yes","PCT_YES","Women","W"
2010,"AL","Albania",0.9,"Don't know","PCT_DK","Total","T"
2010,"AL","Albania",68.3,"No","PCT_NO","Total","T"
2010,"AL","Albania",19.7,"Refusal","PCT_REFUSE","Total","T"
2010,"AL","Albania",11.1,"Yes","PCT_YES","Total","T"
2015,"AL","Albania",1.4,"Don't know","PCT_DK","Total","T"
2015,"AL","Albania",94.9,"No","PCT_NO","Total","T"
2015,"AL","Albania",0.4,"Refusal","PCT_REFUSE","Total","T"
2015,"AL","Albania",3.2,"Yes","PCT_YES","Total","T"
2010,"AL","Albania",1.6,"Don't know","PCT_DK","Men","M"
2010,"AL","Albania",71.9,"No","PCT_NO","Men","M"
2010,"AL","Albania",17.1,"Refusal","PCT_REFUSE","Men","M"
2010,"AL","Albania",9.4,"Yes","PCT_YES","Men","M"
2015,"AL","Albania",1.6,"Don't know","PCT_DK","Men","M"
2015,"AL","Albania",96.4,"No","PCT_NO","Men","M"
2015,"AL","Albania",0,"Refusal","PCT_REFUSE","Men","M"
2015,"AL","Albania",2.1,"Yes","PCT_YES","Men","M"
2010,"AL","Albania",0,"Don't know","PCT_DK","Women","W"
2010,"AL","Albania",63.4,"No","PCT_NO","Women","W"
2010,"AL","Albania",23.2,"Refusal","PCT_REFUSE","Women","W"
2010,"AL","Albania",13.4,"Yes","PCT_YES","Women","W"
2015,"AL","Albania",1.4,"Don't know","PCT_DK","Women","W"
2015,"AL","Albania",93.8,"No","PCT_NO","Women","W"
2015,"AL","Albania",0.7,"Refusal","PCT_REFUSE","Women","W"
2015,"AL","Albania",4.2,"Yes","PCT_YES","Women","W"
2010,"AT","Austria",0,"Don't know","PCT_DK","Total","T"
2010,"AT","Austria",91.4,"No","PCT_NO","Total","T"
2010,"AT","Austria",0,"Refusal","PCT_REFUSE","Total","T"
2010,"AT","Austria",8.6,"Yes","PCT_YES","Total","T"
2015,"AT","Austria",1.1,"Don't know","PCT_DK","Total","T"
2015,"AT","Austria",94.2,"No","PCT_NO","Total","T"
2015,"AT","Austria",0.1,"Refusal","PCT_REFUSE","Total","T"
2015,"AT","Austria",4.6,"Yes","PCT_YES","Total","T"
2010,"AT","Austria",0,"Don't know","PCT_DK","Men","M"
2010,"AT","Austria",90.3,"No","PCT_NO","Men","M"
2010,"AT","Austria",0,"Refusal","PCT_REFUSE","Men","M"
2010,"AT","Austria",9.7,"Yes","PCT_YES","Men","M"
2015,"AT","Austria",1.6,"Don't know","PCT_DK","Men","M"
2015,"AT","Austria",93.6,"No","PCT_NO","Men","M"
2015,"AT","Austria",0,"Refusal","PCT_REFUSE","Men","M"
2015,"AT","Austria",4.9,"Yes","PCT_YES","Men","M"
2010,"AT","Austria",0,"Don't know","PCT_DK","Women","W"
2010,"AT","Austria",92.7,"No","PCT_NO","Women","W"
2010,"AT","Austria",0,"Refusal","PCT_REFUSE","Women","W"
2010,"AT","Austria",7.3,"Yes","PCT_YES","Women","W"
2015,"AT","Austria",0.6,"Don't know","PCT_DK","Women","W"
2015,"AT","Austria",94.8,"No","PCT_NO","Women","W"
2015,"AT","Austria",0.1,"Refusal","PCT_REFUSE","Women","W"
2015,"AT","Austria",4.4,"Yes","PCT_YES","Women","W"
2010,"BE","Belgium",1,"Don't know","PCT_DK","Total","T"
2010,"BE","Belgium",84.4,"No","PCT_NO","Total","T"
2010,"BE","Belgium",1.4,"Refusal","PCT_REFUSE","Total","T"
2010,"BE","Belgium",13.2,"Yes","PCT_YES","Total","T"
2015,"BE","Belgium",1.6,"Don't know","PCT_DK","Total","T"
2015,"BE","Belgium",85.6,"No","PCT_NO","Total","T"
2015,"BE","Belgium",0,"Refusal","PCT_REFUSE","Total","T"
2015,"BE","Belgium",12.7,"Yes","PCT_YES","Total","T"
2010,"BE","Belgium",1,"Don't know","PCT_DK","Men","M"
2010,"BE","Belgium",83.6,"No","PCT_NO","Men","M"
2010,"BE","Belgium",1.3,"Refusal","PCT_REFUSE","Men","M"
2010,"BE","Belgium",14.1,"Yes","PCT_YES","Men","M"
2015,"BE","Belgium",2,"Don't know","PCT_DK","Men","M"
2015,"BE","Belgium",84,"No","PCT_NO","Men","M"
2015,"BE","Belgium",0,"Refusal","PCT_REFUSE","Men","M"
2015,"BE","Belgium",14,"Yes","PCT_YES","Men","M"
2010,"BE","Belgium",1,"Don't know","PCT_DK","Women","W"
2010,"BE","Belgium",85.5,"No","PCT_NO","Women","W"
2010,"BE","Belgium",1.5,"Refusal","PCT_REFUSE","Women","W"
2010,"BE","Belgium",12,"Yes","PCT_YES","Women","W"
2015,"BE","Belgium",1.2,"Don't know","PCT_DK","Women","W"
2015,"BE","Belgium",87.5,"No","PCT_NO","Women","W"
2015,"BE","Belgium",0,"Refusal","PCT_REFUSE","Women","W"
2015,"BE","Belgium",11.3,"Yes","PCT_YES","Women","W"
2010,"BG","Bulgaria",4.4,"Don't know","PCT_DK","Total","T"
2010,"BG","Bulgaria",91.8,"No","PCT_NO","Total","T"
2010,"BG","Bulgaria",0.6,"Refusal","PCT_REFUSE","Total","T"
2010,"BG","Bulgaria",3.2,"Yes","PCT_YES","Total","T"
2015,"BG","Bulgaria",0,"Don't know","PCT_DK","Total","T"
2015,"BG","Bulgaria",97.3,"No","PCT_NO","Total","T"
2015,"BG","Bulgaria",0.2,"Refusal","PCT_REFUSE","Total","T"
2015,"BG","Bulgaria",2.5,"Yes","PCT_YES","Total","T"
2010,"BG","Bulgaria",6.4,"Don't know","PCT_DK","Men","M"
2010,"BG","Bulgaria",89.2,"No","PCT_NO","Men","M"
2010,"BG","Bulgaria",0.9,"Refusal","PCT_REFUSE","Men","M"
2010,"BG","Bulgaria",3.6,"Yes","PCT_YES","Men","M"
2015,"BG","Bulgaria",0,"Don't know","PCT_DK","Men","M"
2015,"BG","Bulgaria",98.2,"No","PCT_NO","Men","M"
2015,"BG","Bulgaria",0,"Refusal","PCT_REFUSE","Men","M"
2015,"BG","Bulgaria",1.8,"Yes","PCT_YES","Men","M"
2010,"BG","Bulgaria",2.3,"Don't know","PCT_DK","Women","W"
2010,"BG","Bulgaria",94.7,"No","PCT_NO","Women","W"
2010,"BG","Bulgaria",0.3,"Refusal","PCT_REFUSE","Women","W"
2010,"BG","Bulgaria",2.7,"Yes","PCT_YES","Women","W"
2015,"BG","Bulgaria",0,"Don't know","PCT_DK","Women","W"
2015,"BG","Bulgaria",96.5,"No","PCT_NO","Women","W"
2015,"BG","Bulgaria",0.3,"Refusal","PCT_REFUSE","Women","W"
2015,"BG","Bulgaria",3.2,"Yes","PCT_YES","Women","W"
2015,"CH","Switzerland",0,"Don't know","PCT_DK","Total","T"
2015,"CH","Switzerland",92.4,"No","PCT_NO","Total","T"
2015,"CH","Switzerland",0,"Refusal","PCT_REFUSE","Total","T"
2015,"CH","Switzerland",7.6,"Yes","PCT_YES","Total","T"
2015,"CH","Switzerland",0,"Don't know","PCT_DK","Men","M"
2015,"CH","Switzerland",93.1,"No","PCT_NO","Men","M"
2015,"CH","Switzerland",0,"Refusal","PCT_REFUSE","Men","M"
2015,"CH","Switzerland",6.9,"Yes","PCT_YES","Men","M"
2015,"CH","Switzerland",0,"Don't know","PCT_DK","Women","W"
2015,"CH","Switzerland",91.7,"No","PCT_NO","Women","W"
2015,"CH","Switzerland",0,"Refusal","PCT_REFUSE","Women","W"
2015,"CH","Switzerland",8.3,"Yes","PCT_YES","Women","W"
2010,"CY","Cyprus",2.1,"Don't know","PCT_DK","Total","T"
2010,"CY","Cyprus",90.3,"No","PCT_NO","Total","T"
2010,"CY","Cyprus",0,"Refusal","PCT_REFUSE","Total","T"
2010,"CY","Cyprus",7.6,"Yes","PCT_YES","Total","T"
2015,"CY","Cyprus",0.4,"Don't know","PCT_DK","Total","T"
2015,"CY","Cyprus",93.2,"No","PCT_NO","Total","T"
2015,"CY","Cyprus",0,"Refusal","PCT_REFUSE","Total","T"
2015,"CY","Cyprus",6.4,"Yes","PCT_YES","Total","T"
2010,"CY","Cyprus",2.6,"Don't know","PCT_DK","Men","M"
2010,"CY","Cyprus",89.7,"No","PCT_NO","Men","M"
2010,"CY","Cyprus",0,"Refusal","PCT_REFUSE","Men","M"
2010,"CY","Cyprus",7.7,"Yes","PCT_YES","Men","M"
2015,"CY","Cyprus",0.5,"Don't know","PCT_DK","Men","M"
2015,"CY","Cyprus",93.9,"No","PCT_NO","Men","M"
2015,"CY","Cyprus",0,"Refusal","PCT_REFUSE","Men","M"
2015,"CY","Cyprus",5.6,"Yes","PCT_YES","Men","M"
2010,"CY","Cyprus",1.6,"Don't know","PCT_DK","Women","W"
2010,"CY","Cyprus",90.8,"No","PCT_NO","Women","W"
2010,"CY","Cyprus",0,"Refusal","PCT_REFUSE","Women","W"
2010,"CY","Cyprus",7.6,"Yes","PCT_YES","Women","W"
2015,"CY","Cyprus",0.2,"Don't know","PCT_DK","Women","W"
2015,"CY","Cyprus",92.5,"No","PCT_NO","Women","W"
2015,"CY","Cyprus",0,"Refusal","PCT_REFUSE","Women","W"
2015,"CY","Cyprus",7.3,"Yes","PCT_YES","Women","W"
2010,"CZ","Czech Republic",4.8,"Don't know","PCT_DK","Total","T"
2010,"CZ","Czech Republic",87.2,"No","PCT_NO","Total","T"
2010,"CZ","Czech Republic",3.2,"Refusal","PCT_REFUSE","Total","T"
2010,"CZ","Czech Republic",4.8,"Yes","PCT_YES","Total","T"
2015,"CZ","Czech Republic",0.3,"Don't know","PCT_DK","Total","T"
2015,"CZ","Czech Republic",95.9,"No","PCT_NO","Total","T"
2015,"CZ","Czech Republic",0.1,"Refusal","PCT_REFUSE","Total","T"
2015,"CZ","Czech Republic",3.7,"Yes","PCT_YES","Total","T"
2010,"CZ","Czech Republic",5.2,"Don't know","PCT_DK","Men","M"
2010,"CZ","Czech Republic",86.2,"No","PCT_NO","Men","M"
2010,"CZ","Czech Republic",2.5,"Refusal","PCT_REFUSE","Men","M"
2010,"CZ","Czech Republic",6.1,"Yes","PCT_YES","Men","M"
2015,"CZ","Czech Republic",0.6,"Don't know","PCT_DK","Men","M"
2015,"CZ","Czech Republic",96.9,"No","PCT_NO","Men","M"
2015,"CZ","Czech Republic",0.2,"Refusal","PCT_REFUSE","Men","M"
2015,"CZ","Czech Republic",2.3,"Yes","PCT_YES","Men","M"
2010,"CZ","Czech Republic",4.5,"Don't know","PCT_DK","Women","W"
2010,"CZ","Czech Republic",88.3,"No","PCT_NO","Women","W"
2010,"CZ","Czech Republic",4,"Refusal","PCT_REFUSE","Women","W"
2010,"CZ","Czech Republic",3.3,"Yes","PCT_YES","Women","W"
2015,"CZ","Czech Republic",0,"Don't know","PCT_DK","Women","W"
2015,"CZ","Czech Republic",94.9,"No","PCT_NO","Women","W"
2015,"CZ","Czech Republic",0,"Refusal","PCT_REFUSE","Women","W"
2015,"CZ","Czech Republic",5.1,"Yes","PCT_YES","Women","W"
2010,"DE","Germany",0.1,"Don't know","PCT_DK","Total","T"
2010,"DE","Germany",90.3,"No","PCT_NO","Total","T"
2010,"DE","Germany",0,"Refusal","PCT_REFUSE","Total","T"
2010,"DE","Germany",9.6,"Yes","PCT_YES","Total","T"
2015,"DE","Germany",0.9,"Don't know","PCT_DK","Total","T"
2015,"DE","Germany",93.8,"No","PCT_NO","Total","T"
2015,"DE","Germany",0,"Refusal","PCT_REFUSE","Total","T"
2015,"DE","Germany",5.2,"Yes","PCT_YES","Total","T"
2010,"DE","Germany",0.2,"Don't know","PCT_DK","Men","M"
2010,"DE","Germany",89.8,"No","PCT_NO","Men","M"
2010,"DE","Germany",0,"Refusal","PCT_REFUSE","Men","M"
2010,"DE","Germany",10,"Yes","PCT_YES","Men","M"
2015,"DE","Germany",1.4,"Don't know","PCT_DK","Men","M"
2015,"DE","Germany",94.3,"No","PCT_NO","Men","M"
2015,"DE","Germany",0,"Refusal","PCT_REFUSE","Men","M"
2015,"DE","Germany",4.3,"Yes","PCT_YES","Men","M"
2010,"DE","Germany",0,"Don't know","PCT_DK","Women","W"
2010,"DE","Germany",90.9,"No","PCT_NO","Women","W"
2010,"DE","Germany",0,"Refusal","PCT_REFUSE","Women","W"
2010,"DE","Germany",9.1,"Yes","PCT_YES","Women","W"
2015,"DE","Germany",0.5,"Don't know","PCT_DK","Women","W"
2015,"DE","Germany",93.3,"No","PCT_NO","Women","W"
2015,"DE","Germany",0,"Refusal","PCT_REFUSE","Women","W"
2015,"DE","Germany",6.2,"Yes","PCT_YES","Women","W"
2010,"DK","Denmark",0,"Don't know","PCT_DK","Total","T"
2010,"DK","Denmark",70.8,"No","PCT_NO","Total","T"
2010,"DK","Denmark",0,"Refusal","PCT_REFUSE","Total","T"
2010,"DK","Denmark",29.2,"Yes","PCT_YES","Total","T"
2015,"DK","Denmark",0,"Don't know","PCT_DK","Total","T"
2015,"DK","Denmark",73.9,"No","PCT_NO","Total","T"
2015,"DK","Denmark",0,"Refusal","PCT_REFUSE","Total","T"
2015,"DK","Denmark",26.1,"Yes","PCT_YES","Total","T"
2010,"DK","Denmark",0,"Don't know","PCT_DK","Men","M"
2010,"DK","Denmark",71.2,"No","PCT_NO","Men","M"
2010,"DK","Denmark",0,"Refusal","PCT_REFUSE","Men","M"
2010,"DK","Denmark",28.8,"Yes","PCT_YES","Men","M"
2015,"DK","Denmark",0,"Don't know","PCT_DK","Men","M"
2015,"DK","Denmark",75.8,"No","PCT_NO","Men","M"
2015,"DK","Denmark",0,"Refusal","PCT_REFUSE","Men","M"
2015,"DK","Denmark",24.2,"Yes","PCT_YES","Men","M"
2010,"DK","Denmark",0,"Don't know","PCT_DK","Women","W"
2010,"DK","Denmark",70.5,"No","PCT_NO","Women","W"
2010,"DK","Denmark",0,"Refusal","PCT_REFUSE","Women","W"
2010,"DK","Denmark",29.5,"Yes","PCT_YES","Women","W"
2015,"DK","Denmark",0,"Don't know","PCT_DK","Women","W"
2015,"DK","Denmark",71.9,"No","PCT_NO","Women","W"
2015,"DK","Denmark",0,"Refusal","PCT_REFUSE","Women","W"
2015,"DK","Denmark",28.1,"Yes","PCT_YES","Women","W"
2010,"EE","Estonia",1.4,"Don't know","PCT_DK","Total","T"
2010,"EE","Estonia",88.6,"No","PCT_NO","Total","T"
2010,"EE","Estonia",0.3,"Refusal","PCT_REFUSE","Total","T"
2010,"EE","Estonia",9.8,"Yes","PCT_YES","Total","T"
2015,"EE","Estonia",2,"Don't know","PCT_DK","Total","T"
2015,"EE","Estonia",88.9,"No","PCT_NO","Total","T"
2015,"EE","Estonia",0,"Refusal","PCT_REFUSE","Total","T"
2015,"EE","Estonia",9.1,"Yes","PCT_YES","Total","T"
2010,"EE","Estonia",1.8,"Don't know","PCT_DK","Men","M"
2010,"EE","Estonia",91.1,"No","PCT_NO","Men","M"
2010,"EE","Estonia",0.5,"Refusal","PCT_REFUSE","Men","M"
2010,"EE","Estonia",6.6,"Yes","PCT_YES","Men","M"
2015,"EE","Estonia",1.4,"Don't know","PCT_DK","Men","M"
2015,"EE","Estonia",87.2,"No","PCT_NO","Men","M"
2015,"EE","Estonia",0,"Refusal","PCT_REFUSE","Men","M"
2015,"EE","Estonia",11.4,"Yes","PCT_YES","Men","M"
2010,"EE","Estonia",1,"Don't know","PCT_DK","Women","W"
2010,"EE","Estonia",86.1,"No","PCT_NO","Women","W"
2010,"EE","Estonia",0.1,"Refusal","PCT_REFUSE","Women","W"
2010,"EE","Estonia",12.8,"Yes","PCT_YES","Women","W"
2015,"EE","Estonia",2.7,"Don't know","PCT_DK","Women","W"
2015,"EE","Estonia",90.9,"No","PCT_NO","Women","W"
2015,"EE","Estonia",0,"Refusal","PCT_REFUSE","Women","W"
2015,"EE","Estonia",6.4,"Yes","PCT_YES","Women","W"
2010,"EL","Greece",0.3,"Don't know","PCT_DK","Total","T"
2010,"EL","Greece",91.2,"No","PCT_NO","Total","T"
2010,"EL","Greece",1.7,"Refusal","PCT_REFUSE","Total","T"
2010,"EL","Greece",6.8,"Yes","PCT_YES","Total","T"
2015,"EL","Greece",0,"Don't know","PCT_DK","Total","T"
2015,"EL","Greece",96.9,"No","PCT_NO","Total","T"
2015,"EL","Greece",0.2,"Refusal","PCT_REFUSE","Total","T"
2015,"EL","Greece",2.9,"Yes","PCT_YES","Total","T"
2010,"EL","Greece",0.2,"Don't know","PCT_DK","Men","M"
2010,"EL","Greece",93.8,"No","PCT_NO","Men","M"
2010,"EL","Greece",1.5,"Refusal","PCT_REFUSE","Men","M"
2010,"EL","Greece",4.5,"Yes","PCT_YES","Men","M"
2015,"EL","Greece",0,"Don't know","PCT_DK","Men","M"
2015,"EL","Greece",97.3,"No","PCT_NO","Men","M"
2015,"EL","Greece",0.4,"Refusal","PCT_REFUSE","Men","M"
2015,"EL","Greece",2.3,"Yes","PCT_YES","Men","M"
2010,"EL","Greece",0.5,"Don't know","PCT_DK","Women","W"
2010,"EL","Greece",87.9,"No","PCT_NO","Women","W"
2010,"EL","Greece",1.9,"Refusal","PCT_REFUSE","Women","W"
2010,"EL","Greece",9.7,"Yes","PCT_YES","Women","W"
2015,"EL","Greece",0,"Don't know","PCT_DK","Women","W"
2015,"EL","Greece",96.4,"No","PCT_NO","Women","W"
2015,"EL","Greece",0,"Refusal","PCT_REFUSE","Women","W"
2015,"EL","Greece",3.6,"Yes","PCT_YES","Women","W"
2010,"ES","Spain",0.2,"Don't know","PCT_DK","Total","T"
2010,"ES","Spain",88.9,"No","PCT_NO","Total","T"
2010,"ES","Spain",0.1,"Refusal","PCT_REFUSE","Total","T"
2010,"ES","Spain",10.8,"Yes","PCT_YES","Total","T"
2015,"ES","Spain",0.4,"Don't know","PCT_DK","Total","T"
2015,"ES","Spain",90.6,"No","PCT_NO","Total","T"
2015,"ES","Spain",0.1,"Refusal","PCT_REFUSE","Total","T"
2015,"ES","Spain",8.9,"Yes","PCT_YES","Total","T"
2010,"ES","Spain",0,"Don't know","PCT_DK","Men","M"
2010,"ES","Spain",86.6,"No","PCT_NO","Men","M"
2010,"ES","Spain",0.3,"Refusal","PCT_REFUSE","Men","M"
2010,"ES","Spain",13.2,"Yes","PCT_YES","Men","M"
2015,"ES","Spain",0.6,"Don't know","PCT_DK","Men","M"
2015,"ES","Spain",90.4,"No","PCT_NO","Men","M"
2015,"ES","Spain",0,"Refusal","PCT_REFUSE","Men","M"
2015,"ES","Spain",8.9,"Yes","PCT_YES","Men","M"
2010,"ES","Spain",0.4,"Don't know","PCT_DK","Women","W"
2010,"ES","Spain",91.5,"No","PCT_NO","Women","W"
2010,"ES","Spain",0,"Refusal","PCT_REFUSE","Women","W"
2010,"ES","Spain",8.1,"Yes","PCT_YES","Women","W"
2015,"ES","Spain",0.3,"Don't know","PCT_DK","Women","W"
2015,"ES","Spain",90.7,"No","PCT_NO","Women","W"
2015,"ES","Spain",0.1,"Refusal","PCT_REFUSE","Women","W"
2015,"ES","Spain",8.9,"Yes","PCT_YES","Women","W"
2010,"FI","Finland",0.1,"Don't know","PCT_DK","Total","T"
2010,"FI","Finland",77.1,"No","PCT_NO","Total","T"
2010,"FI","Finland",0,"Refusal","PCT_REFUSE","Total","T"
2010,"FI","Finland",22.8,"Yes","PCT_YES","Total","T"
2015,"FI","Finland",0.3,"Don't know","PCT_DK","Total","T"
2015,"FI","Finland",84.8,"No","PCT_NO","Total","T"
2015,"FI","Finland",0,"Refusal","PCT_REFUSE","Total","T"
2015,"FI","Finland",14.9,"Yes","PCT_YES","Total","T"
2010,"FI","Finland",0,"Don't know","PCT_DK","Men","M"
2010,"FI","Finland",76.7,"No","PCT_NO","Men","M"
2010,"FI","Finland",0,"Refusal","PCT_REFUSE","Men","M"
2010,"FI","Finland",23.3,"Yes","PCT_YES","Men","M"
2015,"FI","Finland",0.7,"Don't know","PCT_DK","Men","M"
2015,"FI","Finland",87.7,"No","PCT_NO","Men","M"
2015,"FI","Finland",0,"Refusal","PCT_REFUSE","Men","M"
2015,"FI","Finland",11.6,"Yes","PCT_YES","Men","M"
2010,"FI","Finland",0.3,"Don't know","PCT_DK","Women","W"
2010,"FI","Finland",77.4,"No","PCT_NO","Women","W"
2010,"FI","Finland",0,"Refusal","PCT_REFUSE","Women","W"
2010,"FI","Finland",22.3,"Yes","PCT_YES","Women","W"
2015,"FI","Finland",0,"Don't know","PCT_DK","Women","W"
2015,"FI","Finland",82,"No","PCT_NO","Women","W"
2015,"FI","Finland",0,"Refusal","PCT_REFUSE","Women","W"
2015,"FI","Finland",18,"Yes","PCT_YES","Women","W"
2010,"FR","France",0.3,"Don't know","PCT_DK","Total","T"
2010,"FR","France",92.3,"No","PCT_NO","Total","T"
2010,"FR","France",0.1,"Refusal","PCT_REFUSE","Total","T"
2010,"FR","France",7.2,"Yes","PCT_YES","Total","T"
2015,"FR","France",0.1,"Don't know","PCT_DK","Total","T"
2015,"FR","France",76.1,"No","PCT_NO","Total","T"
2015,"FR","France",0,"Refusal","PCT_REFUSE","Total","T"
2015,"FR","France",23.8,"Yes","PCT_YES","Total","T"
2010,"FR","France",0.3,"Don't know","PCT_DK","Men","M"
2010,"FR","France",93.6,"No","PCT_NO","Men","M"
2010,"FR","France",0.3,"Refusal","PCT_REFUSE","Men","M"
2010,"FR","France",5.9,"Yes","PCT_YES","Men","M"
2015,"FR","France",0,"Don't know","PCT_DK","Men","M"
2015,"FR","France",77,"No","PCT_NO","Men","M"
2015,"FR","France",0,"Refusal","PCT_REFUSE","Men","M"
2015,"FR","France",23,"Yes","PCT_YES","Men","M"
2010,"FR","France",0.4,"Don't know","PCT_DK","Women","W"
2010,"FR","France",91,"No","PCT_NO","Women","W"
2010,"FR","France",0,"Refusal","PCT_REFUSE","Women","W"
2010,"FR","France",8.6,"Yes","PCT_YES","Women","W"
2015,"FR","France",0.2,"Don't know","PCT_DK","Women","W"
2015,"FR","France",75.2,"No","PCT_NO","Women","W"
2015,"FR","France",0,"Refusal","PCT_REFUSE","Women","W"
2015,"FR","France",24.5,"Yes","PCT_YES","Women","W"
2010,"HR","Croatia",1,"Don't know","PCT_DK","Total","T"
2010,"HR","Croatia",95,"No","PCT_NO","Total","T"
2010,"HR","Croatia",0.1,"Refusal","PCT_REFUSE","Total","T"
2010,"HR","Croatia",3.9,"Yes","PCT_YES","Total","T"
2015,"HR","Croatia",0.5,"Don't know","PCT_DK","Total","T"
2015,"HR","Croatia",94.7,"No","PCT_NO","Total","T"
2015,"HR","Croatia",0.1,"Refusal","PCT_REFUSE","Total","T"
2015,"HR","Croatia",4.7,"Yes","PCT_YES","Total","T"
2010,"HR","Croatia",0.5,"Don't know","PCT_DK","Men","M"
2010,"HR","Croatia",96.9,"No","PCT_NO","Men","M"
2010,"HR","Croatia",0.1,"Refusal","PCT_REFUSE","Men","M"
2010,"HR","Croatia",2.5,"Yes","PCT_YES","Men","M"
2015,"HR","Croatia",0.6,"Don't know","PCT_DK","Men","M"
2015,"HR","Croatia",93.3,"No","PCT_NO","Men","M"
2015,"HR","Croatia",0,"Refusal","PCT_REFUSE","Men","M"
2015,"HR","Croatia",6.1,"Yes","PCT_YES","Men","M"
2010,"HR","Croatia",1.5,"Don't know","PCT_DK","Women","W"
2010,"HR","Croatia",93.1,"No","PCT_NO","Women","W"
2010,"HR","Croatia",0,"Refusal","PCT_REFUSE","Women","W"
2010,"HR","Croatia",5.5,"Yes","PCT_YES","Women","W"
2015,"HR","Croatia",0.3,"Don't know","PCT_DK","Women","W"
2015,"HR","Croatia",96.3,"No","PCT_NO","Women","W"
2015,"HR","Croatia",0.2,"Refusal","PCT_REFUSE","Women","W"
2015,"HR","Croatia",3.2,"Yes","PCT_YES","Women","W"
2010,"HU","Hungary",0.2,"Don't know","PCT_DK","Total","T"
2010,"HU","Hungary",90,"No","PCT_NO","Total","T"
2010,"HU","Hungary",0,"Refusal","PCT_REFUSE","Total","T"
2010,"HU","Hungary",9.8,"Yes","PCT_YES","Total","T"
2015,"HU","Hungary",1.7,"Don't know","PCT_DK","Total","T"
2015,"HU","Hungary",94.7,"No","PCT_NO","Total","T"
2015,"HU","Hungary",0.1,"Refusal","PCT_REFUSE","Total","T"
2015,"HU","Hungary",3.4,"Yes","PCT_YES","Total","T"
2010,"HU","Hungary",0,"Don't know","PCT_DK","Men","M"
2010,"HU","Hungary",89.7,"No","PCT_NO","Men","M"
2010,"HU","Hungary",0,"Refusal","PCT_REFUSE","Men","M"
2010,"HU","Hungary",10.3,"Yes","PCT_YES","Men","M"
2015,"HU","Hungary",1.9,"Don't know","PCT_DK","Men","M"
2015,"HU","Hungary",94.6,"No","PCT_NO","Men","M"
2015,"HU","Hungary",0.3,"Refusal","PCT_REFUSE","Men","M"
2015,"HU","Hungary",3.2,"Yes","PCT_YES","Men","M"
2010,"HU","Hungary",0.4,"Don't know","PCT_DK","Women","W"
2010,"HU","Hungary",90.3,"No","PCT_NO","Women","W"
2010,"HU","Hungary",0,"Refusal","PCT_REFUSE","Women","W"
2010,"HU","Hungary",9.3,"Yes","PCT_YES","Women","W"
2015,"HU","Hungary",1.5,"Don't know","PCT_DK","Women","W"
2015,"HU","Hungary",94.8,"No","PCT_NO","Women","W"
2015,"HU","Hungary",0,"Refusal","PCT_REFUSE","Women","W"
2015,"HU","Hungary",3.7,"Yes","PCT_YES","Women","W"
2010,"IE","Ireland",15.3,"Don't know","PCT_DK","Total","T"
2010,"IE","Ireland",68.2,"No","PCT_NO","Total","T"
2010,"IE","Ireland",8,"Refusal","PCT_REFUSE","Total","T"
2010,"IE","Ireland",8.5,"Yes","PCT_YES","Total","T"
2015,"IE","Ireland",0,"Don't know","PCT_DK","Total","T"
2015,"IE","Ireland",86.1,"No","PCT_NO","Total","T"
2015,"IE","Ireland",0,"Refusal","PCT_REFUSE","Total","T"
2015,"IE","Ireland",13.9,"Yes","PCT_YES","Total","T"
2010,"IE","Ireland",16.9,"Don't know","PCT_DK","Men","M"
2010,"IE","Ireland",65.4,"No","PCT_NO","Men","M"
2010,"IE","Ireland",6.3,"Refusal","PCT_REFUSE","Men","M"
2010,"IE","Ireland",11.4,"Yes","PCT_YES","Men","M"
2015,"IE","Ireland",0,"Don't know","PCT_DK","Men","M"
2015,"IE","Ireland",85.8,"No","PCT_NO","Men","M"
2015,"IE","Ireland",0,"Refusal","PCT_REFUSE","Men","M"
2015,"IE","Ireland",14.2,"Yes","PCT_YES","Men","M"
2010,"IE","Ireland",13.8,"Don't know","PCT_DK","Women","W"
2010,"IE","Ireland",70.7,"No","PCT_NO","Women","W"
2010,"IE","Ireland",9.6,"Refusal","PCT_REFUSE","Women","W"
2010,"IE","Ireland",5.8,"Yes","PCT_YES","Women","W"
2015,"IE","Ireland",0,"Don't know","PCT_DK","Women","W"
2015,"IE","Ireland",86.3,"No","PCT_NO","Women","W"
2015,"IE","Ireland",0,"Refusal","PCT_REFUSE","Women","W"
2015,"IE","Ireland",13.7,"Yes","PCT_YES","Women","W"
2010,"IT","Italy",0.3,"Don't know","PCT_DK","Total","T"
2010,"IT","Italy",92.2,"No","PCT_NO","Total","T"
2010,"IT","Italy",0.2,"Refusal","PCT_REFUSE","Total","T"
2010,"IT","Italy",7.3,"Yes","PCT_YES","Total","T"
2015,"IT","Italy",1.2,"Don't know","PCT_DK","Total","T"
2015,"IT","Italy",92.2,"No","PCT_NO","Total","T"
2015,"IT","Italy",0.2,"Refusal","PCT_REFUSE","Total","T"
2015,"IT","Italy",6.5,"Yes","PCT_YES","Total","T"
2010,"IT","Italy",0.2,"Don't know","PCT_DK","Men","M"
2010,"IT","Italy",91.7,"No","PCT_NO","Men","M"
2010,"IT","Italy",0,"Refusal","PCT_REFUSE","Men","M"
2010,"IT","Italy",8.1,"Yes","PCT_YES","Men","M"
2015,"IT","Italy",0.6,"Don't know","PCT_DK","Men","M"
2015,"IT","Italy",92.3,"No","PCT_NO","Men","M"
2015,"IT","Italy",0.2,"Refusal","PCT_REFUSE","Men","M"
2015,"IT","Italy",6.9,"Yes","PCT_YES","Men","M"
2010,"IT","Italy",0.5,"Don't know","PCT_DK","Women","W"
2010,"IT","Italy",92.9,"No","PCT_NO","Women","W"
2010,"IT","Italy",0.4,"Refusal","PCT_REFUSE","Women","W"
2010,"IT","Italy",6.3,"Yes","PCT_YES","Women","W"
2015,"IT","Italy",1.8,"Don't know","PCT_DK","Women","W"
2015,"IT","Italy",92,"No","PCT_NO","Women","W"
2015,"IT","Italy",0.1,"Refusal","PCT_REFUSE","Women","W"
2015,"IT","Italy",6,"Yes","PCT_YES","Women","W"
2010,"LT","Lithuania",0.3,"Don't know","PCT_DK","Total","T"
2010,"LT","Lithuania",92.5,"No","PCT_NO","Total","T"
2010,"LT","Lithuania",1.8,"Refusal","PCT_REFUSE","Total","T"
2010,"LT","Lithuania",5.4,"Yes","PCT_YES","Total","T"
2015,"LT","Lithuania",0.2,"Don't know","PCT_DK","Total","T"
2015,"LT","Lithuania",96.9,"No","PCT_NO","Total","T"
2015,"LT","Lithuania",0.1,"Refusal","PCT_REFUSE","Total","T"
2015,"LT","Lithuania",2.8,"Yes","PCT_YES","Total","T"
2010,"LT","Lithuania",0,"Don't know","PCT_DK","Men","M"
2010,"LT","Lithuania",95.2,"No","PCT_NO","Men","M"
2010,"LT","Lithuania",2,"Refusal","PCT_REFUSE","Men","M"
2010,"LT","Lithuania",2.9,"Yes","PCT_YES","Men","M"
2015,"LT","Lithuania",0.4,"Don't know","PCT_DK","Men","M"
2015,"LT","Lithuania",97.5,"No","PCT_NO","Men","M"
2015,"LT","Lithuania",0,"Refusal","PCT_REFUSE","Men","M"
2015,"LT","Lithuania",2.1,"Yes","PCT_YES","Men","M"
2010,"LT","Lithuania",0.7,"Don't know","PCT_DK","Women","W"
2010,"LT","Lithuania",89.7,"No","PCT_NO","Women","W"
2010,"LT","Lithuania",1.6,"Refusal","PCT_REFUSE","Women","W"
2010,"LT","Lithuania",8.1,"Yes","PCT_YES","Women","W"
2015,"LT","Lithuania",0,"Don't know","PCT_DK","Women","W"
2015,"LT","Lithuania",96.4,"No","PCT_NO","Women","W"
2015,"LT","Lithuania",0.2,"Refusal","PCT_REFUSE","Women","W"
2015,"LT","Lithuania",3.4,"Yes","PCT_YES","Women","W"
2010,"LU","Luxembourg",1.6,"Don't know","PCT_DK","Total","T"
2010,"LU","Luxembourg",87.7,"No","PCT_NO","Total","T"
2010,"LU","Luxembourg",1.2,"Refusal","PCT_REFUSE","Total","T"
2010,"LU","Luxembourg",9.5,"Yes","PCT_YES","Total","T"
2015,"LU","Luxembourg",0,"Don't know","PCT_DK","Total","T"
2015,"LU","Luxembourg",84.6,"No","PCT_NO","Total","T"
2015,"LU","Luxembourg",0,"Refusal","PCT_REFUSE","Total","T"
2015,"LU","Luxembourg",15.4,"Yes","PCT_YES","Total","T"
2010,"LU","Luxembourg",1.3,"Don't know","PCT_DK","Men","M"
2010,"LU","Luxembourg",92.1,"No","PCT_NO","Men","M"
2010,"LU","Luxembourg",0.7,"Refusal","PCT_REFUSE","Men","M"
2010,"LU","Luxembourg",5.9,"Yes","PCT_YES","Men","M"
2015,"LU","Luxembourg",0,"Don't know","PCT_DK","Men","M"
2015,"LU","Luxembourg",83,"No","PCT_NO","Men","M"
2015,"LU","Luxembourg",0,"Refusal","PCT_REFUSE","Men","M"
2015,"LU","Luxembourg",17,"Yes","PCT_YES","Men","M"
2010,"LU","Luxembourg",2.1,"Don't know","PCT_DK","Women","W"
2010,"LU","Luxembourg",81.1,"No","PCT_NO","Women","W"
2010,"LU","Luxembourg",1.9,"Refusal","PCT_REFUSE","Women","W"
2010,"LU","Luxembourg",15,"Yes","PCT_YES","Women","W"
2015,"LU","Luxembourg",0,"Don't know","PCT_DK","Women","W"
2015,"LU","Luxembourg",86.2,"No","PCT_NO","Women","W"
2015,"LU","Luxembourg",0,"Refusal","PCT_REFUSE","Women","W"
2015,"LU","Luxembourg",13.8,"Yes","PCT_YES","Women","W"
2010,"LV","Latvia",0.5,"Don't know","PCT_DK","Total","T"
2010,"LV","Latvia",93.2,"No","PCT_NO","Total","T"
2010,"LV","Latvia",0.1,"Refusal","PCT_REFUSE","Total","T"
2010,"LV","Latvia",6.2,"Yes","PCT_YES","Total","T"
2015,"LV","Latvia",3,"Don't know","PCT_DK","Total","T"
2015,"LV","Latvia",89.7,"No","PCT_NO","Total","T"
2015,"LV","Latvia",0.6,"Refusal","PCT_REFUSE","Total","T"
2015,"LV","Latvia",6.7,"Yes","PCT_YES","Total","T"
2010,"LV","Latvia",0.9,"Don't know","PCT_DK","Men","M"
2010,"LV","Latvia",92.8,"No","PCT_NO","Men","M"
2010,"LV","Latvia",0,"Refusal","PCT_REFUSE","Men","M"
2010,"LV","Latvia",6.3,"Yes","PCT_YES","Men","M"
2015,"LV","Latvia",3.8,"Don't know","PCT_DK","Men","M"
2015,"LV","Latvia",89.4,"No","PCT_NO","Men","M"
2015,"LV","Latvia",0.5,"Refusal","PCT_REFUSE","Men","M"
2015,"LV","Latvia",6.3,"Yes","PCT_YES","Men","M"
2010,"LV","Latvia",0,"Don't know","PCT_DK","Women","W"
2010,"LV","Latvia",93.6,"No","PCT_NO","Women","W"
2010,"LV","Latvia",0.1,"Refusal","PCT_REFUSE","Women","W"
2010,"LV","Latvia",6.2,"Yes","PCT_YES","Women","W"
2015,"LV","Latvia",2.3,"Don't know","PCT_DK","Women","W"
2015,"LV","Latvia",89.9,"No","PCT_NO","Women","W"
2015,"LV","Latvia",0.7,"Refusal","PCT_REFUSE","Women","W"
2015,"LV","Latvia",7,"Yes","PCT_YES","Women","W"
2010,"ME","Montenegro",1.4,"Don't know","PCT_DK","Total","T"
2010,"ME","Montenegro",95,"No","PCT_NO","Total","T"
2010,"ME","Montenegro",0,"Refusal","PCT_REFUSE","Total","T"
2010,"ME","Montenegro",3.7,"Yes","PCT_YES","Total","T"
2015,"ME","Montenegro",0.7,"Don't know","PCT_DK","Total","T"
2015,"ME","Montenegro",97.1,"No","PCT_NO","Total","T"
2015,"ME","Montenegro",0,"Refusal","PCT_REFUSE","Total","T"
2015,"ME","Montenegro",2.3,"Yes","PCT_YES","Total","T"
2010,"ME","Montenegro",1.9,"Don't know","PCT_DK","Men","M"
2010,"ME","Montenegro",95.2,"No","PCT_NO","Men","M"
2010,"ME","Montenegro",0,"Refusal","PCT_REFUSE","Men","M"
2010,"ME","Montenegro",2.9,"Yes","PCT_YES","Men","M"
2015,"ME","Montenegro",0.9,"Don't know","PCT_DK","Men","M"
2015,"ME","Montenegro",96.5,"No","PCT_NO","Men","M"
2015,"ME","Montenegro",0,"Refusal","PCT_REFUSE","Men","M"
2015,"ME","Montenegro",2.6,"Yes","PCT_YES","Men","M"
2010,"ME","Montenegro",0.7,"Don't know","PCT_DK","Women","W"
2010,"ME","Montenegro",94.7,"No","PCT_NO","Women","W"
2010,"ME","Montenegro",0,"Refusal","PCT_REFUSE","Women","W"
2010,"ME","Montenegro",4.7,"Yes","PCT_YES","Women","W"
2015,"ME","Montenegro",0.4,"Don't know","PCT_DK","Women","W"
2015,"ME","Montenegro",97.7,"No","PCT_NO","Women","W"
2015,"ME","Montenegro",0,"Refusal","PCT_REFUSE","Women","W"
2015,"ME","Montenegro",1.9,"Yes","PCT_YES","Women","W"
2010,"MK","Former Yugoslav Republic of Macedonia",1.6,"Don't know","PCT_DK","Total","T"
2010,"MK","Former Yugoslav Republic of Macedonia",83.6,"No","PCT_NO","Total","T"
2010,"MK","Former Yugoslav Republic of Macedonia",8.5,"Refusal","PCT_REFUSE","Total","T"
2010,"MK","Former Yugoslav Republic of Macedonia",6.3,"Yes","PCT_YES","Total","T"
2015,"MK","Former Yugoslav Republic of Macedonia",0.1,"Don't know","PCT_DK","Total","T"
2015,"MK","Former Yugoslav Republic of Macedonia",92.8,"No","PCT_NO","Total","T"
2015,"MK","Former Yugoslav Republic of Macedonia",0.2,"Refusal","PCT_REFUSE","Total","T"
2015,"MK","Former Yugoslav Republic of Macedonia",6.9,"Yes","PCT_YES","Total","T"
2010,"MK","Former Yugoslav Republic of Macedonia",2.1,"Don't know","PCT_DK","Men","M"
2010,"MK","Former Yugoslav Republic of Macedonia",85.1,"No","PCT_NO","Men","M"
2010,"MK","Former Yugoslav Republic of Macedonia",8,"Refusal","PCT_REFUSE","Men","M"
2010,"MK","Former Yugoslav Republic of Macedonia",4.9,"Yes","PCT_YES","Men","M"
2015,"MK","Former Yugoslav Republic of Macedonia",0,"Don't know","PCT_DK","Men","M"
2015,"MK","Former Yugoslav Republic of Macedonia",90.9,"No","PCT_NO","Men","M"
2015,"MK","Former Yugoslav Republic of Macedonia",0.3,"Refusal","PCT_REFUSE","Men","M"
2015,"MK","Former Yugoslav Republic of Macedonia",8.8,"Yes","PCT_YES","Men","M"
2010,"MK","Former Yugoslav Republic of Macedonia",0.8,"Don't know","PCT_DK","Women","W"
2010,"MK","Former Yugoslav Republic of Macedonia",81.4,"No","PCT_NO","Women","W"
2010,"MK","Former Yugoslav Republic of Macedonia",9.4,"Refusal","PCT_REFUSE","Women","W"
2010,"MK","Former Yugoslav Republic of Macedonia",8.4,"Yes","PCT_YES","Women","W"
2015,"MK","Former Yugoslav Republic of Macedonia",0.3,"Don't know","PCT_DK","Women","W"
2015,"MK","Former Yugoslav Republic of Macedonia",95.1,"No","PCT_NO","Women","W"
2015,"MK","Former Yugoslav Republic of Macedonia",0,"Refusal","PCT_REFUSE","Women","W"
2015,"MK","Former Yugoslav Republic of Macedonia",4.6,"Yes","PCT_YES","Women","W"
2010,"MT","Malta",1.6,"Don't know","PCT_DK","Total","T"
2010,"MT","Malta",88.7,"No","PCT_NO","Total","T"
2010,"MT","Malta",0,"Refusal","PCT_REFUSE","Total","T"
2010,"MT","Malta",9.7,"Yes","PCT_YES","Total","T"
2015,"MT","Malta",0.1,"Don't know","PCT_DK","Total","T"
2015,"MT","Malta",89.8,"No","PCT_NO","Total","T"
2015,"MT","Malta",0,"Refusal","PCT_REFUSE","Total","T"
2015,"MT","Malta",10.1,"Yes","PCT_YES","Total","T"
2010,"MT","Malta",1.6,"Don't know","PCT_DK","Men","M"
2010,"MT","Malta",88.9,"No","PCT_NO","Men","M"
2010,"MT","Malta",0,"Refusal","PCT_REFUSE","Men","M"
2010,"MT","Malta",9.5,"Yes","PCT_YES","Men","M"
2015,"MT","Malta",0,"Don't know","PCT_DK","Men","M"
2015,"MT","Malta",88.6,"No","PCT_NO","Men","M"
2015,"MT","Malta",0,"Refusal","PCT_REFUSE","Men","M"
2015,"MT","Malta",11.4,"Yes","PCT_YES","Men","M"
2010,"MT","Malta",1.5,"Don't know","PCT_DK","Women","W"
2010,"MT","Malta",88.5,"No","PCT_NO","Women","W"
2010,"MT","Malta",0,"Refusal","PCT_REFUSE","Women","W"
2010,"MT","Malta",10,"Yes","PCT_YES","Women","W"
2015,"MT","Malta",0.2,"Don't know","PCT_DK","Women","W"
2015,"MT","Malta",91.6,"No","PCT_NO","Women","W"
2015,"MT","Malta",0,"Refusal","PCT_REFUSE","Women","W"
2015,"MT","Malta",8.3,"Yes","PCT_YES","Women","W"
2010,"NL","Netherlands",0,"Don't know","PCT_DK","Total","T"
2010,"NL","Netherlands",85.2,"No","PCT_NO","Total","T"
2010,"NL","Netherlands",0,"Refusal","PCT_REFUSE","Total","T"
2010,"NL","Netherlands",14.8,"Yes","PCT_YES","Total","T"
2015,"NL","Netherlands",0.2,"Don't know","PCT_DK","Total","T"
2015,"NL","Netherlands",86.7,"No","PCT_NO","Total","T"
2015,"NL","Netherlands",0,"Refusal","PCT_REFUSE","Total","T"
2015,"NL","Netherlands",13.2,"Yes","PCT_YES","Total","T"
2010,"NL","Netherlands",0,"Don't know","PCT_DK","Men","M"
2010,"NL","Netherlands",84.5,"No","PCT_NO","Men","M"
2010,"NL","Netherlands",0,"Refusal","PCT_REFUSE","Men","M"
2010,"NL","Netherlands",15.5,"Yes","PCT_YES","Men","M"
2015,"NL","Netherlands",0.3,"Don't know","PCT_DK","Men","M"
2015,"NL","Netherlands",86.4,"No","PCT_NO","Men","M"
2015,"NL","Netherlands",0,"Refusal","PCT_REFUSE","Men","M"
2015,"NL","Netherlands",13.3,"Yes","PCT_YES","Men","M"
2010,"NL","Netherlands",0,"Don't know","PCT_DK","Women","W"
2010,"NL","Netherlands",86,"No","PCT_NO","Women","W"
2010,"NL","Netherlands",0,"Refusal","PCT_REFUSE","Women","W"
2010,"NL","Netherlands",14,"Yes","PCT_YES","Women","W"
2015,"NL","Netherlands",0,"Don't know","PCT_DK","Women","W"
2015,"NL","Netherlands",86.9,"No","PCT_NO","Women","W"
2015,"NL","Netherlands",0,"Refusal","PCT_REFUSE","Women","W"
2015,"NL","Netherlands",13.1,"Yes","PCT_YES","Women","W"
2010,"NO","Norway",0.5,"Don't know","PCT_DK","Total","T"
2010,"NO","Norway",80.8,"No","PCT_NO","Total","T"
2010,"NO","Norway",3.3,"Refusal","PCT_REFUSE","Total","T"
2010,"NO","Norway",15.5,"Yes","PCT_YES","Total","T"
2015,"NO","Norway",0,"Don't know","PCT_DK","Total","T"
2015,"NO","Norway",80.4,"No","PCT_NO","Total","T"
2015,"NO","Norway",0,"Refusal","PCT_REFUSE","Total","T"
2015,"NO","Norway",19.6,"Yes","PCT_YES","Total","T"
2010,"NO","Norway",0.6,"Don't know","PCT_DK","Men","M"
2010,"NO","Norway",81.8,"No","PCT_NO","Men","M"
2010,"NO","Norway",2.7,"Refusal","PCT_REFUSE","Men","M"
2010,"NO","Norway",15,"Yes","PCT_YES","Men","M"
2015,"NO","Norway",0,"Don't know","PCT_DK","Men","M"
2015,"NO","Norway",83.1,"No","PCT_NO","Men","M"
2015,"NO","Norway",0,"Refusal","PCT_REFUSE","Men","M"
2015,"NO","Norway",16.9,"Yes","PCT_YES","Men","M"
2010,"NO","Norway",0.4,"Don't know","PCT_DK","Women","W"
2010,"NO","Norway",79.7,"No","PCT_NO","Women","W"
2010,"NO","Norway",3.9,"Refusal","PCT_REFUSE","Women","W"
2010,"NO","Norway",16,"Yes","PCT_YES","Women","W"
2015,"NO","Norway",0,"Don't know","PCT_DK","Women","W"
2015,"NO","Norway",77.7,"No","PCT_NO","Women","W"
2015,"NO","Norway",0,"Refusal","PCT_REFUSE","Women","W"
2015,"NO","Norway",22.3,"Yes","PCT_YES","Women","W"
2010,"PL","Poland",0.7,"Don't know","PCT_DK","Total","T"
2010,"PL","Poland",85.8,"No","PCT_NO","Total","T"
2010,"PL","Poland",10.1,"Refusal","PCT_REFUSE","Total","T"
2010,"PL","Poland",3.4,"Yes","PCT_YES","Total","T"
2015,"PL","Poland",1.4,"Don't know","PCT_DK","Total","T"
2015,"PL","Poland",93.7,"No","PCT_NO","Total","T"
2015,"PL","Poland",0.3,"Refusal","PCT_REFUSE","Total","T"
2015,"PL","Poland",4.7,"Yes","PCT_YES","Total","T"
2010,"PL","Poland",0.6,"Don't know","PCT_DK","Men","M"
2010,"PL","Poland",87.9,"No","PCT_NO","Men","M"
2010,"PL","Poland",7.9,"Refusal","PCT_REFUSE","Men","M"
2010,"PL","Poland",3.6,"Yes","PCT_YES","Men","M"
2015,"PL","Poland",1.5,"Don't know","PCT_DK","Men","M"
2015,"PL","Poland",91.7,"No","PCT_NO","Men","M"
2015,"PL","Poland",0.3,"Refusal","PCT_REFUSE","Men","M"
2015,"PL","Poland",6.6,"Yes","PCT_YES","Men","M"
2010,"PL","Poland",0.8,"Don't know","PCT_DK","Women","W"
2010,"PL","Poland",83.7,"No","PCT_NO","Women","W"
2010,"PL","Poland",12.3,"Refusal","PCT_REFUSE","Women","W"
2010,"PL","Poland",3.2,"Yes","PCT_YES","Women","W"
2015,"PL","Poland",1.3,"Don't know","PCT_DK","Women","W"
2015,"PL","Poland",95.7,"No","PCT_NO","Women","W"
2015,"PL","Poland",0.2,"Refusal","PCT_REFUSE","Women","W"
2015,"PL","Poland",2.7,"Yes","PCT_YES","Women","W"
2010,"PT","Portugal",0.4,"Don't know","PCT_DK","Total","T"
2010,"PT","Portugal",95.1,"No","PCT_NO","Total","T"
2010,"PT","Portugal",0.1,"Refusal","PCT_REFUSE","Total","T"
2010,"PT","Portugal",4.4,"Yes","PCT_YES","Total","T"
2015,"PT","Portugal",1,"Don't know","PCT_DK","Total","T"
2015,"PT","Portugal",96,"No","PCT_NO","Total","T"
2015,"PT","Portugal",0.1,"Refusal","PCT_REFUSE","Total","T"
2015,"PT","Portugal",2.9,"Yes","PCT_YES","Total","T"
2010,"PT","Portugal",0,"Don't know","PCT_DK","Men","M"
2010,"PT","Portugal",96.2,"No","PCT_NO","Men","M"
2010,"PT","Portugal",0,"Refusal","PCT_REFUSE","Men","M"
2010,"PT","Portugal",3.8,"Yes","PCT_YES","Men","M"
2015,"PT","Portugal",1.6,"Don't know","PCT_DK","Men","M"
2015,"PT","Portugal",94.5,"No","PCT_NO","Men","M"
2015,"PT","Portugal",0,"Refusal","PCT_REFUSE","Men","M"
2015,"PT","Portugal",3.9,"Yes","PCT_YES","Men","M"
2010,"PT","Portugal",0.8,"Don't know","PCT_DK","Women","W"
2010,"PT","Portugal",94,"No","PCT_NO","Women","W"
2010,"PT","Portugal",0.2,"Refusal","PCT_REFUSE","Women","W"
2010,"PT","Portugal",5,"Yes","PCT_YES","Women","W"
2015,"PT","Portugal",0.5,"Don't know","PCT_DK","Women","W"
2015,"PT","Portugal",97.3,"No","PCT_NO","Women","W"
2015,"PT","Portugal",0.2,"Refusal","PCT_REFUSE","Women","W"
2015,"PT","Portugal",2,"Yes","PCT_YES","Women","W"
2010,"RO","Romania",0.5,"Don't know","PCT_DK","Total","T"
2010,"RO","Romania",86.3,"No","PCT_NO","Total","T"
2010,"RO","Romania",6.2,"Refusal","PCT_REFUSE","Total","T"
2010,"RO","Romania",7,"Yes","PCT_YES","Total","T"
2015,"RO","Romania",0.4,"Don't know","PCT_DK","Total","T"
2015,"RO","Romania",97.2,"No","PCT_NO","Total","T"
2015,"RO","Romania",0.6,"Refusal","PCT_REFUSE","Total","T"
2015,"RO","Romania",1.8,"Yes","PCT_YES","Total","T"
2010,"RO","Romania",0.6,"Don't know","PCT_DK","Men","M"
2010,"RO","Romania",89.9,"No","PCT_NO","Men","M"
2010,"RO","Romania",3.9,"Refusal","PCT_REFUSE","Men","M"
2010,"RO","Romania",5.6,"Yes","PCT_YES","Men","M"
2015,"RO","Romania",0.6,"Don't know","PCT_DK","Men","M"
2015,"RO","Romania",96.2,"No","PCT_NO","Men","M"
2015,"RO","Romania",1,"Refusal","PCT_REFUSE","Men","M"
2015,"RO","Romania",2.1,"Yes","PCT_YES","Men","M"
2010,"RO","Romania",0.4,"Don't know","PCT_DK","Women","W"
2010,"RO","Romania",81.9,"No","PCT_NO","Women","W"
2010,"RO","Romania",9.1,"Refusal","PCT_REFUSE","Women","W"
2010,"RO","Romania",8.7,"Yes","PCT_YES","Women","W"
2015,"RO","Romania",0.3,"Don't know","PCT_DK","Women","W"
2015,"RO","Romania",98.3,"No","PCT_NO","Women","W"
2015,"RO","Romania",0.1,"Refusal","PCT_REFUSE","Women","W"
2015,"RO","Romania",1.3,"Yes","PCT_YES","Women","W"
2015,"RS","Serbia",0.1,"Don't know","PCT_DK","Total","T"
2015,"RS","Serbia",95.3,"No","PCT_NO","Total","T"
2015,"RS","Serbia",0,"Refusal","PCT_REFUSE","Total","T"
2015,"RS","Serbia",4.7,"Yes","PCT_YES","Total","T"
2015,"RS","Serbia",0,"Don't know","PCT_DK","Men","M"
2015,"RS","Serbia",94.6,"No","PCT_NO","Men","M"
2015,"RS","Serbia",0,"Refusal","PCT_REFUSE","Men","M"
2015,"RS","Serbia",5.4,"Yes","PCT_YES","Men","M"
2015,"RS","Serbia",0.2,"Don't know","PCT_DK","Women","W"
2015,"RS","Serbia",95.8,"No","PCT_NO","Women","W"
2015,"RS","Serbia",0,"Refusal","PCT_REFUSE","Women","W"
2015,"RS","Serbia",4,"Yes","PCT_YES","Women","W"
2010,"SE","Sweden",2.2,"Don't know","PCT_DK","Total","T"
2010,"SE","Sweden",65.3,"No","PCT_NO","Total","T"
2010,"SE","Sweden",15.7,"Refusal","PCT_REFUSE","Total","T"
2010,"SE","Sweden",16.8,"Yes","PCT_YES","Total","T"
2015,"SE","Sweden",0.9,"Don't know","PCT_DK","Total","T"
2015,"SE","Sweden",85.4,"No","PCT_NO","Total","T"
2015,"SE","Sweden",0,"Refusal","PCT_REFUSE","Total","T"
2015,"SE","Sweden",13.7,"Yes","PCT_YES","Total","T"
2010,"SE","Sweden",1.2,"Don't know","PCT_DK","Men","M"
2010,"SE","Sweden",65.5,"No","PCT_NO","Men","M"
2010,"SE","Sweden",16.4,"Refusal","PCT_REFUSE","Men","M"
2010,"SE","Sweden",16.9,"Yes","PCT_YES","Men","M"
2015,"SE","Sweden",0.4,"Don't know","PCT_DK","Men","M"
2015,"SE","Sweden",86.9,"No","PCT_NO","Men","M"
2015,"SE","Sweden",0,"Refusal","PCT_REFUSE","Men","M"
2015,"SE","Sweden",12.7,"Yes","PCT_YES","Men","M"
2010,"SE","Sweden",3.2,"Don't know","PCT_DK","Women","W"
2010,"SE","Sweden",65.1,"No","PCT_NO","Women","W"
2010,"SE","Sweden",15.1,"Refusal","PCT_REFUSE","Women","W"
2010,"SE","Sweden",16.7,"Yes","PCT_YES","Women","W"
2015,"SE","Sweden",1.3,"Don't know","PCT_DK","Women","W"
2015,"SE","Sweden",84,"No","PCT_NO","Women","W"
2015,"SE","Sweden",0,"Refusal","PCT_REFUSE","Women","W"
2015,"SE","Sweden",14.7,"Yes","PCT_YES","Women","W"
2010,"SI","Slovenia",0.3,"Don't know","PCT_DK","Total","T"
2010,"SI","Slovenia",90.9,"No","PCT_NO","Total","T"
2010,"SI","Slovenia",0,"Refusal","PCT_REFUSE","Total","T"
2010,"SI","Slovenia",8.8,"Yes","PCT_YES","Total","T"
2015,"SI","Slovenia",1.3,"Don't know","PCT_DK","Total","T"
2015,"SI","Slovenia",88.2,"No","PCT_NO","Total","T"
2015,"SI","Slovenia",0.7,"Refusal","PCT_REFUSE","Total","T"
2015,"SI","Slovenia",9.8,"Yes","PCT_YES","Total","T"
2010,"SI","Slovenia",0,"Don't know","PCT_DK","Men","M"
2010,"SI","Slovenia",90.7,"No","PCT_NO","Men","M"
2010,"SI","Slovenia",0,"Refusal","PCT_REFUSE","Men","M"
2010,"SI","Slovenia",9.3,"Yes","PCT_YES","Men","M"
2015,"SI","Slovenia",2.2,"Don't know","PCT_DK","Men","M"
2015,"SI","Slovenia",89.6,"No","PCT_NO","Men","M"
2015,"SI","Slovenia",0.5,"Refusal","PCT_REFUSE","Men","M"
2015,"SI","Slovenia",7.7,"Yes","PCT_YES","Men","M"
2010,"SI","Slovenia",0.5,"Don't know","PCT_DK","Women","W"
2010,"SI","Slovenia",91.1,"No","PCT_NO","Women","W"
2010,"SI","Slovenia",0,"Refusal","PCT_REFUSE","Women","W"
2010,"SI","Slovenia",8.3,"Yes","PCT_YES","Women","W"
2015,"SI","Slovenia",0.4,"Don't know","PCT_DK","Women","W"
2015,"SI","Slovenia",86.7,"No","PCT_NO","Women","W"
2015,"SI","Slovenia",0.9,"Refusal","PCT_REFUSE","Women","W"
2015,"SI","Slovenia",11.9,"Yes","PCT_YES","Women","W"
2010,"SK","Slovakia",0.1,"Don't know","PCT_DK","Total","T"
2010,"SK","Slovakia",94.8,"No","PCT_NO","Total","T"
2010,"SK","Slovakia",1.1,"Refusal","PCT_REFUSE","Total","T"
2010,"SK","Slovakia",3.9,"Yes","PCT_YES","Total","T"
2015,"SK","Slovakia",0,"Don't know","PCT_DK","Total","T"
2015,"SK","Slovakia",97.4,"No","PCT_NO","Total","T"
2015,"SK","Slovakia",0.4,"Refusal","PCT_REFUSE","Total","T"
2015,"SK","Slovakia",2.1,"Yes","PCT_YES","Total","T"
2010,"SK","Slovakia",0,"Don't know","PCT_DK","Men","M"
2010,"SK","Slovakia",94.2,"No","PCT_NO","Men","M"
2010,"SK","Slovakia",1.3,"Refusal","PCT_REFUSE","Men","M"
2010,"SK","Slovakia",4.5,"Yes","PCT_YES","Men","M"
2015,"SK","Slovakia",0,"Don't know","PCT_DK","Men","M"
2015,"SK","Slovakia",99.1,"No","PCT_NO","Men","M"
2015,"SK","Slovakia",0.5,"Refusal","PCT_REFUSE","Men","M"
2015,"SK","Slovakia",0.3,"Yes","PCT_YES","Men","M"
2010,"SK","Slovakia",0.2,"Don't know","PCT_DK","Women","W"
2010,"SK","Slovakia",95.6,"No","PCT_NO","Women","W"
2010,"SK","Slovakia",1,"Refusal","PCT_REFUSE","Women","W"
2010,"SK","Slovakia",3.2,"Yes","PCT_YES","Women","W"
2015,"SK","Slovakia",0,"Don't know","PCT_DK","Women","W"
2015,"SK","Slovakia",96.2,"No","PCT_NO","Women","W"
2015,"SK","Slovakia",0.4,"Refusal","PCT_REFUSE","Women","W"
2015,"SK","Slovakia",3.5,"Yes","PCT_YES","Women","W"
2010,"TR","Turkey",0.1,"Don't know","PCT_DK","Total","T"
2010,"TR","Turkey",95.9,"No","PCT_NO","Total","T"
2010,"TR","Turkey",0,"Refusal","PCT_REFUSE","Total","T"
2010,"TR","Turkey",4,"Yes","PCT_YES","Total","T"
2015,"TR","Turkey",1,"Don't know","PCT_DK","Total","T"
2015,"TR","Turkey",92.2,"No","PCT_NO","Total","T"
2015,"TR","Turkey",2.7,"Refusal","PCT_REFUSE","Total","T"
2015,"TR","Turkey",4.2,"Yes","PCT_YES","Total","T"
2010,"TR","Turkey",0.1,"Don't know","PCT_DK","Men","M"
2010,"TR","Turkey",95.9,"No","PCT_NO","Men","M"
2010,"TR","Turkey",0,"Refusal","PCT_REFUSE","Men","M"
2010,"TR","Turkey",4,"Yes","PCT_YES","Men","M"
2015,"TR","Turkey",0.7,"Don't know","PCT_DK","Men","M"
2015,"TR","Turkey",92,"No","PCT_NO","Men","M"
2015,"TR","Turkey",2.6,"Refusal","PCT_REFUSE","Men","M"
2015,"TR","Turkey",4.7,"Yes","PCT_YES","Men","M"
2010,"TR","Turkey",0.2,"Don't know","PCT_DK","Women","W"
2010,"TR","Turkey",96,"No","PCT_NO","Women","W"
2010,"TR","Turkey",0,"Refusal","PCT_REFUSE","Women","W"
2010,"TR","Turkey",3.8,"Yes","PCT_YES","Women","W"
2015,"TR","Turkey",1.5,"Don't know","PCT_DK","Women","W"
2015,"TR","Turkey",92.6,"No","PCT_NO","Women","W"
2015,"TR","Turkey",2.9,"Refusal","PCT_REFUSE","Women","W"
2015,"TR","Turkey",3,"Yes","PCT_YES","Women","W"
2010,"UK","United Kingdom",2.3,"Don't know","PCT_DK","Total","T"
2010,"UK","United Kingdom",90.6,"No","PCT_NO","Total","T"
2010,"UK","United Kingdom",0.1,"Refusal","PCT_REFUSE","Total","T"
2010,"UK","United Kingdom",7,"Yes","PCT_YES","Total","T"
2015,"UK","United Kingdom",1,"Don't know","PCT_DK","Total","T"
2015,"UK","United Kingdom",82.8,"No","PCT_NO","Total","T"
2015,"UK","United Kingdom",0,"Refusal","PCT_REFUSE","Total","T"
2015,"UK","United Kingdom",16.2,"Yes","PCT_YES","Total","T"
2010,"UK","United Kingdom",2.2,"Don't know","PCT_DK","Men","M"
2010,"UK","United Kingdom",89.7,"No","PCT_NO","Men","M"
2010,"UK","United Kingdom",0.2,"Refusal","PCT_REFUSE","Men","M"
2010,"UK","United Kingdom",7.9,"Yes","PCT_YES","Men","M"
2015,"UK","United Kingdom",0.4,"Don't know","PCT_DK","Men","M"
2015,"UK","United Kingdom",84.7,"No","PCT_NO","Men","M"
2015,"UK","United Kingdom",0,"Refusal","PCT_REFUSE","Men","M"
2015,"UK","United Kingdom",14.9,"Yes","PCT_YES","Men","M"
2010,"UK","United Kingdom",2.4,"Don't know","PCT_DK","Women","W"
2010,"UK","United Kingdom",91.5,"No","PCT_NO","Women","W"
2010,"UK","United Kingdom",0,"Refusal","PCT_REFUSE","Women","W"
2010,"UK","United Kingdom",6.1,"Yes","PCT_YES","Women","W"
2015,"UK","United Kingdom",1.6,"Don't know","PCT_DK","Women","W"
2015,"UK","United Kingdom",80.5,"No","PCT_NO","Women","W"
2015,"UK","United Kingdom",0,"Refusal","PCT_REFUSE","Women","W"
2015,"UK","United Kingdom",17.8,"Yes","PCT_YES","Women","W"
2010,"XK","Kosovo",2.9,"Don't know","PCT_DK","Total","T"
2010,"XK","Kosovo",80.4,"No","PCT_NO","Total","T"
2010,"XK","Kosovo",6.9,"Refusal","PCT_REFUSE","Total","T"
2010,"XK","Kosovo",9.8,"Yes","PCT_YES","Total","T"
2010,"XK","Kosovo",2,"Don't know","PCT_DK","Men","M"
2010,"XK","Kosovo",81,"No","PCT_NO","Men","M"
2010,"XK","Kosovo",7.3,"Refusal","PCT_REFUSE","Men","M"
2010,"XK","Kosovo",9.7,"Yes","PCT_YES","Men","M"
2010,"XK","Kosovo",5,"Don't know","PCT_DK","Women","W"
2010,"XK","Kosovo",79,"No","PCT_NO","Women","W"
2010,"XK","Kosovo",6,"Refusal","PCT_REFUSE","Women","W"
2010,"XK","Kosovo",10,"Yes","PCT_YES","Women","W"
